Food_ID,Name,Serving_Size,Calories_kcal,Protein_g,Carbs_g,Fat_g,Fiber_g,Price_Avg_Naira,Category,Tags
1,Pounded Yam (Iyan),1 Wrap (300g),360,4,80,1,2,800,Swallow,heavy;gluten-free;lunch
2,Eba (Garri),1 Wrap (300g),480,3,114,1.5,4,500,Swallow,filling;cheap;lunch
3,Amala (Yam Flour),1 Wrap (300g),315,3.5,70,0.8,5,600,Swallow,diabetic-friendly;light;lunch
4,Fufu (Akpu),1 Wrap (300g),330,2,75,0.5,3,500,Swallow,filling;heavy;lunch
5,Semo (Semovita),1 Wrap (300g),360,10,72,1.5,3,700,Swallow,easy-digest;dinner
6,Tuwo Shinkafa,1 Wrap (300g),290,5,65,1,2,600,Swallow,gluten-free;northern;dinner
7,Wheat Meal,1 Wrap (300g),300,11,65,2,8,800,Swallow,high-fiber;weight-loss
8,Jollof Rice,1 Plate (350g),850,14,140,22,4,1200,Rice,party;spicy;high-carb
9,Fried Rice,1 Plate (350g),900,16,130,28,5,1300,Rice,party;oily;mixed-veggies
10,White Rice & Stew,1 Plate (350g),750,12,135,15,2,1000,Rice,basic;cheap
11,Concoction Rice,1 Plate (350g),600,15,110,10,6,800,Rice,student-meal;cheap;palm-oil
12,Ofada Rice & Sauce,1 Plate (300g),700,18,115,20,5,1500,Rice,spicy;premium;fiber
13,Yam Pottage (Asaro),1 Plate (300g),500,8,90,12,6,900,Tuber,soft;lunch;sweet
14,Boiled Yam & Egg,3 Slices + Sauce,450,14,60,15,4,1000,Tuber,breakfast;protein
15,Fried Yam (Dundun),3 Slices (200g),550,4,85,22,3,800,Tuber,oily;street-food
16,Beans (Ewa Aganyin),1 Portion (250g),400,22,55,18,12,700,Beans,high-protein;spicy;breakfast
17,Beans Porridge,1 Portion (300g),350,20,50,10,10,600,Beans,high-protein;lunch
18,Moi-Moi (Plain),1 Wrap (150g),220,12,25,8,4,400,Light Main,weight-loss;protein;snack
19,Moi-Moi (Egg/Fish),1 Wrap (180g),280,18,25,12,4,600,Light Main,high-protein;rich
20,Akara,4 Balls (150g),320,14,30,16,5,500,Side,oily;breakfast;vegan
21,Egusi Soup (Plain),1 Bowl (200g),450,18,8,38,3,1000,Soup,keto;high-fat
22,Efo Riro (Vegetable),1 Bowl (200g),250,15,6,18,8,1200,Soup,healthy;keto;vitamins
23,Ogbono Soup,1 Bowl (200g),300,10,12,25,4,1000,Soup,draw-soup;keto
24,Okra Soup,1 Bowl (200g),150,8,10,8,6,800,Soup,low-cal;weight-loss
25,Ewedu (Plain),1 Bowl (150g),45,3,5,0.5,4,400,Soup,low-cal;add-on
26,Banga Soup,1 Bowl (200g),500,12,10,45,3,1500,Soup,high-fat;delta-style
27,Bitter Leaf Soup,1 Bowl (200g),300,15,8,20,6,1000,Soup,healthy;bitter
28,Edikang Ikong,1 Bowl (200g),380,25,12,28,7,1800,Soup,premium;high-protein
29,Peppersoup (Fish),1 Bowl (300g),200,30,5,6,2,1500,Soup,spicy;light;keto
30,Suya (Beef),1 Stick (100g),280,25,5,18,1,1000,Meat,spicy;high-protein;night
31,Fried Plantain (Dodo),1 Portion (150g),380,3,90,15,4,500,Side,sweet;oily;vegan
32,Boiled Plantain,1 Portion (150g),250,3,60,1,4,400,Side,healthy;iron-rich
33,Puff Puff,4 Balls,450,6,65,18,2,300,Snack,oily;sugar;street-food
34,Meat Pie,1 Piece,400,12,45,20,2,500,Snack,filling;baked
35,Egg Roll,1 Piece,350,10,40,16,2,400,Snack,filling;protein;oily
36,Gala (Sausage Roll),1 Piece,250,6,30,12,1,200,Snack,processed;emergency
37,Bread,1/2 Loaf,600,14,110,8,4,600,Carb,high-carb;filling
38,Indomie (2 Packs),1 Plate,760,16,104,30,4,800,Noodle,processed;sodium;student
39,Indomie + Egg,1 Plate,840,22,104,35,4,1000,Noodle,processed;student
40,Pap (Ogi/Akamu),1 Bowl,150,2,35,1,1,300,Breakfast,light;sick-food
41,Custard,1 Bowl,200,0.5,45,2,0,400,Breakfast,processed;sugar
42,Fried Fish (Titus),1 Piece,250,22,0,18,0,800,Protein,healthy;omega3
43,Assorted Meat,1 Piece,150,18,0,8,0,500,Protein,high-cholesterol
44,Ponmo (Cow Skin),1 Piece,50,4,0,2,0,200,Protein,low-cal;filler
45,Chicken (Fried),1 Piece,350,25,5,25,0,1200,Protein,oily;standard
46,Goat Meat,1 Piece,180,22,0,10,0,700,Protein,lean;flavor
47,Zobo Drink,1 Bottle (50cl),120,1,28,0,0,300,Drink,sugary;local
48,Kunu Drink,1 Bottle (50cl),180,4,35,2,2,300,Drink,grain-based;milky
49,Coke/Fanta,1 Bottle (50cl),210,0,55,0,0,350,Drink,sugar;processed
50,Water,1 Bottle (75cl),0,0,0,0,0,150,Drink,hydration
